raw_sites,sites_aa,sites_weight,sites_position,genes,genessites
4,T,-0.28148148148148283,9.0,M1,4
4,I,0.2814814814814815,2.0,M1,4
14,V,-0.09775208489385451,1.0,M1,14
14,I,0.09775208489385451,2.0,M1,14
79,V,-0.13021480190753593,1.0,M1,79
79,I,0.13021480190753426,2.0,M1,79
94,K,0.09688002244290042,14.0,M1,94
94,R,-0.09688002244290045,12.0,M1,94
106,M,-0.08352120369542193,4.0,M1,106
141,A,0.19393166753218322,0.0,M1,141
141,V,-0.15141598262927947,1.0,M1,141
160,A,0.10408152223309014,0.0,M1,160
160,S,-0.10408152223309158,8.0,M1,160
165,A,0.1794182451359324,0.0,M1,165
165,V,-0.17941824513593374,1.0,M1,165
171,L,-0.24285527948854896,3.0,M1,171
171,I,0.24285527948854746,2.0,M1,171
173,R,-0.18178677071577465,12.0,M1,173
173,K,0.1817867707157737,14.0,M1,173
217,T,0.09531671608627226,9.0,M1,217
217,A,-0.09531671608627174,0.0,M1,217
223,S,0.08374394195721097,8.0,M1,223
248,Q,-0.19460365143279346,11.0,M1,248
248,H,0.253808222995514,13.0,M1,248
255,I,0.2814814814814815,2.0,M2,4
255,T,-0.28148148148148283,9.0,M2,4
261,I,-0.1160071213622094,2.0,M2,10
261,T,0.11600712136220842,9.0,M2,10
270,S,-0.16789275451751184,8.0,M2,19
270,I,0.253808222995514,2.0,M2,19
276,L,-0.4833733483610408,3.0,M2,25
276,I,0.4833733483610409,2.0,M2,25
277,I,-0.15001348205258946,2.0,M2,26
281,S,0.2814814814814811,8.0,M2,30
281,N,-0.2814814814814815,10.0,M2,30
283,V,-0.10371131469043395,1.0,M2,32
283,F,0.1996242409274479,5.0,M2,32
283,L,0.30021624496943333,3.0,M2,32
283,I,-0.39612917120644686,2.0,M2,32
304,R,0.2650143439456406,12.0,M2,53
304,C,-0.26501434394564133,17.0,M2,53
320,E,-0.23129025514728624,16.0,M2,69
320,K,0.23129025514728438,14.0,M2,69
340,Q,0.2814814814814815,11.0,M2,89
340,H,-0.24691994364292147,13.0,M2,89
