raw_sites,sites_aa,sites_weight,sites_position,genes,genessites
4,T,-0.3444444444444444,9.0,M1,4
4,I,0.3444444444444445,2.0,M1,4
14,I,0.1393158513006552,2.0,M1,14
14,V,-0.13931585130065433,1.0,M1,14
79,I,0.1697463591721423,2.0,M1,79
79,V,-0.16974635917214292,1.0,M1,79
141,A,0.20814825828262978,0.0,M1,141
141,V,-0.13156579480631497,1.0,M1,141
160,A,0.13113767530506096,0.0,M1,160
160,S,-0.13113767530506087,8.0,M1,160
165,V,-0.12878156682988778,1.0,M1,165
165,A,0.12878156682988726,0.0,M1,165
171,I,0.25374988614727323,2.0,M1,171
171,L,-0.2537498861472736,3.0,M1,171
173,K,0.17083328556553795,14.0,M1,173
173,R,-0.17083328556553729,12.0,M1,173
217,A,-0.24784287386416642,0.0,M1,217
217,S,0.17536734697451659,8.0,M1,217
248,H,0.26420830098246656,13.0,M1,248
248,Q,-0.1877841974721049,11.0,M1,248
255,I,0.3444444444444445,2.0,M2,4
255,T,-0.3444444444444444,9.0,M2,4
261,I,-0.15081089471568387,2.0,M2,10
261,T,0.15081089471568285,9.0,M2,10
270,S,-0.16208712475812687,8.0,M2,19
270,I,0.26420830098246656,2.0,M2,19
276,I,0.4475017049683967,2.0,M2,25
276,L,-0.44750170496839753,3.0,M2,25
281,S,0.3444444444444439,8.0,M2,30
281,N,-0.3444444444444445,10.0,M2,30
283,F,0.20490984979580587,5.0,M2,32
283,L,0.37047372946269785,3.0,M2,32
283,I,-0.4541990211177082,2.0,M2,32
283,V,-0.1211845581407958,1.0,M2,32
304,C,-0.21656257015433722,17.0,M2,53
304,R,0.21656257015433641,12.0,M2,53
317,R,0.3444444444444445,12.0,M2,66
317,G,-0.3444444444444444,19.0,M2,66
320,K,0.25240342040986885,14.0,M2,69
320,E,-0.25240342040986824,16.0,M2,69
338,D,0.2551622272871888,15.0,M2,87
338,N,-0.3444444444444445,10.0,M2,87
340,Q,0.3444444444444445,11.0,M2,89
340,H,-0.33742171646945823,13.0,M2,89
