raw_sites,sites_aa,sites_weight,sites_position,genes,genessites
4,T,-0.07846372006698518,9.0,M1,4
4,I,0.11207133058984911,2.0,M1,4
40,A,-0.08194854528860196,0.0,M1,40
40,S,0.08194854528860178,8.0,M1,40
79,V,-0.11207133058984928,1.0,M1,79
79,I,0.11207133058984911,2.0,M1,79
94,K,0.11354214162030345,14.0,M1,94
94,R,-0.11354214162030396,12.0,M1,94
106,I,0.08620517228072878,2.0,M1,106
106,M,-0.0862051722807288,4.0,M1,106
141,V,-0.11957397018686214,1.0,M1,141
141,A,0.15467566732102206,0.0,M1,141
143,F,0.07988265226430159,5.0,M1,143
143,L,-0.07988265226430155,3.0,M1,143
160,S,-0.11207133058984939,8.0,M1,160
160,A,0.11207133058984911,0.0,M1,160
165,V,-0.07668161783933611,1.0,M1,165
165,A,0.07668161783933541,0.0,M1,165
171,L,-0.2520716839386017,3.0,M1,171
171,I,0.2520716839386015,2.0,M1,171
173,R,-0.1906309967751573,12.0,M1,173
173,K,0.19063099677515732,14.0,M1,173
217,T,0.11364677452934661,9.0,M1,217
217,A,-0.1136467745293468,0.0,M1,217
226,T,0.0907364728489983,9.0,M1,226
248,H,0.2705136490394589,13.0,M1,248
248,Q,-0.19996752739382775,11.0,M1,248
255,I,0.11207133058984911,2.0,M2,4
255,T,-0.07846372006698518,9.0,M2,4
261,I,-0.09371147504377772,2.0,M2,10
261,T,0.09371147504377743,9.0,M2,10
270,S,-0.18963702324990908,8.0,M2,19
270,I,0.2705136490394589,2.0,M2,19
276,L,-0.47522271843831315,3.0,M2,25
276,I,0.47522271843831254,2.0,M2,25
277,I,-0.08719118532926318,2.0,M2,26
283,L,0.28120284255986167,3.0,M2,32
283,I,-0.3201969517625967,2.0,M2,32
283,F,0.08194854528860178,5.0,M2,32
304,C,-0.11207133058984911,17.0,M2,53
304,R,0.11207133058984899,12.0,M2,53
317,R,0.09468285505457968,12.0,M2,66
317,G,-0.09468285505457995,19.0,M2,66
320,K,0.17338562222178766,14.0,M2,69
320,E,-0.1638362190347906,16.0,M2,69
